episode,algo,difficulty,total_reward,score,steps_survived,result,epsilon
1,reinforce,0,-1079.0,250,242,lose,0.0
2,reinforce,0,-821.5,270,151,lose,0.0
3,reinforce,0,-932.5,200,155,lose,0.0
4,reinforce,0,-1044.0,390,302,lose,0.0
5,reinforce,0,-977.5,530,323,lose,0.0
6,reinforce,0,-810.5,410,193,lose,0.0
7,reinforce,0,-933.5,310,215,lose,0.0
8,reinforce,0,-931.0,380,242,lose,0.0
9,reinforce,0,-858.0,200,114,lose,0.0
10,reinforce,0,-912.5,250,173,lose,0.0
11,reinforce,0,-986.5,350,251,lose,0.0
12,reinforce,0,-767.0,440,208,lose,0.0
13,reinforce,0,-949.0,220,156,lose,0.0
14,reinforce,0,-871.5,380,207,lose,0.0
15,reinforce,0,-874.5,190,121,lose,0.0
16,reinforce,0,-792.5,130,59,lose,0.0
17,reinforce,0,-924.5,180,135,lose,0.0
18,reinforce,0,-999.5,470,301,lose,0.0
19,reinforce,0,-1041.0,340,256,lose,0.0
20,reinforce,0,-895.5,330,203,lose,0.0
21,reinforce,0,-932.5,260,185,lose,0.0
22,reinforce,0,-927.5,190,143,lose,0.0
23,reinforce,0,-890.5,140,101,lose,0.0
24,reinforce,0,-937.0,400,252,lose,0.0
25,reinforce,0,-830.5,360,193,lose,0.0
26,reinforce,0,-869.5,390,217,lose,0.0
27,reinforce,0,-854.0,120,78,lose,0.0
28,reinforce,0,-725.0,610,266,lose,0.0
29,reinforce,0,-887.5,330,187,lose,0.0
30,reinforce,0,-848.5,320,167,lose,0.0
31,reinforce,0,-910.0,220,156,lose,0.0
32,reinforce,0,-824.0,660,400,timeout,0.0
33,reinforce,0,-829.5,390,209,lose,0.0
34,reinforce,0,-784.5,180,89,lose,0.0
35,reinforce,0,-846.5,190,107,lose,0.0
36,reinforce,0,-865.0,310,174,lose,0.0
37,reinforce,0,-849.5,210,135,lose,0.0
38,reinforce,0,-1138.0,310,300,lose,0.0
39,reinforce,0,-1126.0,340,306,lose,0.0
40,reinforce,0,-779.5,190,81,lose,0.0
41,reinforce,0,-1102.5,230,237,lose,0.0
42,reinforce,0,-732.0,350,144,lose,0.0
43,reinforce,0,-870.5,350,193,lose,0.0
44,reinforce,0,-830.5,220,123,lose,0.0
45,reinforce,0,-720.5,270,99,lose,0.0
46,reinforce,0,-852.0,410,216,lose,0.0
47,reinforce,0,-896.5,270,169,lose,0.0
48,reinforce,0,-948.5,410,259,lose,0.0
49,reinforce,0,-1071.0,490,340,lose,0.0
50,reinforce,0,-858.5,270,147,lose,0.0
51,reinforce,0,-873.5,290,163,lose,0.0
52,reinforce,0,-808.0,480,214,lose,0.0
53,reinforce,0,-854.0,340,182,lose,0.0
54,reinforce,0,-781.0,440,194,lose,0.0
55,reinforce,0,-866.5,190,123,lose,0.0
56,reinforce,0,-773.0,240,96,lose,0.0
57,reinforce,0,-1019.0,300,252,lose,0.0
58,reinforce,0,-921.0,340,214,lose,0.0
59,reinforce,0,-1041.5,410,301,lose,0.0
60,reinforce,0,-808.0,200,104,lose,0.0
61,reinforce,0,-1061.0,230,220,lose,0.0
62,reinforce,0,-922.5,410,243,lose,0.0
63,reinforce,0,-1064.0,330,252,lose,0.0
64,reinforce,0,-924.0,310,208,lose,0.0
65,reinforce,0,-988.0,320,224,lose,0.0
66,reinforce,0,-954.0,270,206,lose,0.0
67,reinforce,0,-917.5,390,235,lose,0.0
68,reinforce,0,-810.0,210,104,lose,0.0
69,reinforce,0,-771.5,340,149,lose,0.0
70,reinforce,0,-733.0,160,48,lose,0.0
71,reinforce,0,-871.5,270,155,lose,0.0
72,reinforce,0,-957.0,410,246,lose,0.0
73,reinforce,0,-908.0,540,400,timeout,0.0
74,reinforce,0,-870.0,300,176,lose,0.0
75,reinforce,0,-903.5,320,193,lose,0.0
76,reinforce,0,-803.5,210,103,lose,0.0
77,reinforce,0,-847.0,240,124,lose,0.0
78,reinforce,0,-867.5,170,115,lose,0.0
79,reinforce,0,-844.5,240,131,lose,0.0
80,reinforce,0,-830.5,180,109,lose,0.0
81,reinforce,0,-787.0,320,140,lose,0.0
82,reinforce,0,-970.0,490,318,lose,0.0
83,reinforce,0,-870.0,230,144,lose,0.0
84,reinforce,0,-912.0,530,400,timeout,0.0
85,reinforce,0,-1073.0,470,346,lose,0.0
86,reinforce,0,-1015.0,350,254,lose,0.0
87,reinforce,0,-1180.0,340,324,lose,0.0
88,reinforce,0,-688.0,560,194,lose,0.0
89,reinforce,0,-830.0,160,92,lose,0.0
90,reinforce,0,-776.5,230,101,lose,0.0
91,reinforce,0,-1031.5,470,329,lose,0.0
92,reinforce,0,-859.5,210,125,lose,0.0
93,reinforce,0,-887.5,290,173,lose,0.0
94,reinforce,0,-818.5,260,131,lose,0.0
95,reinforce,0,-1127.0,440,328,lose,0.0
96,reinforce,0,-884.5,710,371,lose,0.0
97,reinforce,0,-1059.0,390,278,lose,0.0
98,reinforce,0,-882.5,320,187,lose,0.0
99,reinforce,0,-943.5,270,179,lose,0.0
100,reinforce,0,-906.0,330,194,lose,0.0
101,reinforce,0,-715.0,350,134,lose,0.0
102,reinforce,0,-912.0,510,284,lose,0.0
103,reinforce,0,-773.5,220,99,lose,0.0
104,reinforce,0,-1035.5,330,249,lose,0.0
105,reinforce,0,-907.5,280,169,lose,0.0
106,reinforce,0,-763.5,380,153,lose,0.0
107,reinforce,0,-861.5,200,115,lose,0.0
108,reinforce,0,-963.5,570,333,lose,0.0
109,reinforce,0,-940.0,330,226,lose,0.0
110,reinforce,0,-899.0,390,228,lose,0.0
111,reinforce,0,-897.0,290,180,lose,0.0
112,reinforce,0,-878.0,330,186,lose,0.0
113,reinforce,0,-751.5,320,135,lose,0.0
114,reinforce,0,-860.0,300,168,lose,0.0
115,reinforce,0,-649.5,430,127,lose,0.0
116,reinforce,0,-782.5,220,99,lose,0.0
117,reinforce,0,-756.5,220,89,lose,0.0
118,reinforce,0,-827.5,240,127,lose,0.0
119,reinforce,0,-788.5,340,159,lose,0.0
120,reinforce,0,-792.0,240,116,lose,0.0
121,reinforce,0,-768.0,310,154,lose,0.0
122,reinforce,0,-873.0,210,134,lose,0.0
123,reinforce,0,-555.0,660,194,lose,0.0
124,reinforce,0,-870.0,310,184,lose,0.0
125,reinforce,0,-823.5,250,133,lose,0.0
126,reinforce,0,-828.0,320,168,lose,0.0
127,reinforce,0,-828.0,220,124,lose,0.0
128,reinforce,0,-852.0,210,122,lose,0.0
129,reinforce,0,-985.5,440,279,lose,0.0
130,reinforce,0,-930.0,270,176,lose,0.0
131,reinforce,0,-766.5,160,67,lose,0.0
132,reinforce,0,-918.5,290,193,lose,0.0
133,reinforce,0,-926.5,320,203,lose,0.0
134,reinforce,0,-887.5,380,215,lose,0.0
135,reinforce,0,-775.0,250,108,lose,0.0
136,reinforce,0,-851.5,160,99,lose,0.0
137,reinforce,0,-868.0,160,114,lose,0.0
138,reinforce,0,-741.0,350,156,lose,0.0
139,reinforce,0,-990.0,360,248,lose,0.0
140,reinforce,0,-1137.0,530,396,lose,0.0
141,reinforce,0,-894.0,420,248,lose,0.0
142,reinforce,0,-881.5,360,199,lose,0.0
143,reinforce,0,-911.0,110,94,lose,0.0
144,reinforce,0,-885.0,370,220,lose,0.0
145,reinforce,0,-824.0,210,120,lose,0.0
146,reinforce,0,-870.0,160,100,lose,0.0
147,reinforce,0,-924.0,240,164,lose,0.0
148,reinforce,0,-862.5,260,153,lose,0.0
149,reinforce,0,-889.0,500,266,lose,0.0
150,reinforce,0,-1139.5,400,333,lose,0.0
151,reinforce,0,-837.5,170,91,lose,0.0
152,reinforce,0,-1038.0,340,268,lose,0.0
153,reinforce,0,-1146.0,380,324,lose,0.0
154,reinforce,0,-838.0,350,182,lose,0.0
155,reinforce,0,-883.0,200,128,lose,0.0
156,reinforce,0,-779.0,340,152,lose,0.0
157,reinforce,0,-854.5,190,117,lose,0.0
158,reinforce,0,-926.5,430,249,lose,0.0
159,reinforce,0,-815.0,370,176,lose,0.0
160,reinforce,0,-878.5,180,109,lose,0.0
161,reinforce,0,-866.5,170,119,lose,0.0
162,reinforce,0,-925.0,310,204,lose,0.0
163,reinforce,0,-866.5,280,165,lose,0.0
164,reinforce,0,-997.0,300,226,lose,0.0
165,reinforce,0,-844.0,180,106,lose,0.0
166,reinforce,0,-1213.5,390,365,lose,0.0
167,reinforce,0,-967.0,430,282,lose,0.0
168,reinforce,0,-777.0,280,124,lose,0.0
169,reinforce,0,-890.0,240,156,lose,0.0
170,reinforce,0,-895.0,490,282,lose,0.0
171,reinforce,0,-1019.0,320,250,lose,0.0
172,reinforce,0,-813.0,190,100,lose,0.0
173,reinforce,0,-889.5,290,171,lose,0.0
174,reinforce,0,-701.5,320,119,lose,0.0
175,reinforce,0,-940.5,430,271,lose,0.0
176,reinforce,0,-970.5,410,255,lose,0.0
177,reinforce,0,-1107.5,500,361,lose,0.0
178,reinforce,0,-1025.5,420,289,lose,0.0
179,reinforce,0,-889.0,210,136,lose,0.0
180,reinforce,0,-915.0,210,152,lose,0.0
181,reinforce,0,-799.5,230,99,lose,0.0
182,reinforce,0,-755.5,260,113,lose,0.0
183,reinforce,0,-869.0,240,144,lose,0.0
184,reinforce,0,-1129.0,380,332,lose,0.0
185,reinforce,0,-859.5,470,243,lose,0.0
186,reinforce,0,-904.0,220,150,lose,0.0
187,reinforce,0,-893.5,310,201,lose,0.0
188,reinforce,0,-925.5,380,243,lose,0.0
189,reinforce,0,-737.0,410,166,lose,0.0
190,reinforce,0,-1029.0,340,262,lose,0.0
191,reinforce,0,-904.5,160,115,lose,0.0
192,reinforce,0,-796.5,220,109,lose,0.0
193,reinforce,0,-902.0,230,154,lose,0.0
194,reinforce,0,-871.5,300,173,lose,0.0
195,reinforce,0,-795.5,460,215,lose,0.0
196,reinforce,0,-1299.5,330,363,lose,0.0
197,reinforce,0,-879.0,280,172,lose,0.0
198,reinforce,0,-969.5,420,285,lose,0.0
199,reinforce,0,-735.5,240,93,lose,0.0
200,reinforce,0,-852.5,210,135,lose,0.0
